<?xml version="1.0" encoding="UTF-8"?>
<beans:beans xmlns="http://www.springframework.org/schema/security"
	xmlns:xsi="http://www.w3.org/2001/XMLSchema-instance" xmlns:beans="http://www.springframework.org/schema/beans"
	xmlns:sec="http://www.springframework.org/schema/security"
	xmlns:p="http://www.springframework.org/schema/p"
	xsi:schemaLocation="
      http://www.springframework.org/schema/security
      http://www.springframework.org/schema/security/spring-security-4.2.xsd
      http://www.springframework.org/schema/beans
      http://www.springframework.org/schema/beans/spring-beans-4.2.xsd">

	<http use-expressions="true" entry-point-ref="restAuthenticationEntryPoint">
        <intercept-url pattern="/admin/*" access="hasAnyRole('ROLE_ADMIN')"/>
		<intercept-url pattern="/api/swagger-ui.html" access="permitAll()" />
		<intercept-url pattern="/api/customers/**" access="isAuthenticated()" />

		<csrf disabled="true" />

		<form-login authentication-success-handler-ref="mySuccessHandler"
			authentication-failure-handler-ref="myFailureHandler" />

        
        <!-- <access-denied-handler error-page="/my-error-page" /> -->
        <access-denied-handler ref="customAccessDeniedHandler" />
        
		<logout />
	</http>

	<beans:bean id="mySuccessHandler"
		class="com.vietfintex.marketplace.security.MySavedRequestAwareAuthenticationSuccessHandler" />
	<beans:bean id="myFailureHandler"
		class="org.springframework.security.web.authentication.SimpleUrlAuthenticationFailureHandler" />
	<beans:bean id="customAccessDeniedHandler"
		class="com.vietfintex.marketplace.web.error.CustomAccessDeniedHandler" />
	<beans:bean id="restAuthenticationEntryPoint"
		class="com.vietfintex.marketplace.security.RestAuthenticationEntryPoint" />

	<authentication-manager alias="authenticationManager">
		<authentication-provider>
			<user-service>
				<user name="temporary" password="temporary" authorities="ROLE_ADMIN" />
				<user name="user" password="userPass" authorities="ROLE_USER" />
                <user name="user1" password="user1Pass" authorities="ROLE_USER"/>
                <user name="admin" password="adminPass" authorities="ROLE_ADMIN"/>                
			</user-service>
		</authentication-provider>
	</authentication-manager>
    
    <global-method-security pre-post-annotations="enabled"/>

</beans:beans>