<?xml version="1.0" encoding="UTF-8"?>
<beans xmlns="http://www.springframework.org/schema/beans"
       xmlns:xsi="http://www.w3.org/2001/XMLSchema-instance"
       xmlns:tx="http://www.springframework.org/schema/tx"
       xmlns:jpa="http://www.springframework.org/schema/data/jpa"
       xsi:schemaLocation="http://www.springframework.org/schema/beans
			http://www.springframework.org/schema/beans/spring-beans-4.1.xsd
			http://www.springframework.org/schema/tx
			http://www.springframework.org/schema/tx/spring-tx-4.0.xsd
			http://www.springframework.org/schema/data/jpa
   			http://www.springframework.org/schema/data/jpa/spring-jpa-1.1.xsd">

    <jpa:repositories base-package="com.vietfintex.marketplace.persistence.repo"/>
    <bean id="entityManagerFactory"
          class="org.springframework.orm.jpa.LocalContainerEntityManagerFactoryBean">
        <property name="dataSource" ref="dataSource"/>
        <property name="packagesToScan" value="com.vietfintex.marketplace.persistence"/>
        <property name="jpaVendorAdapter">
            <bean class="org.springframework.orm.jpa.vendor.HibernateJpaVendorAdapter"/>
        </property>
        <property name="jpaProperties">
            <props>
                <prop key="hibernate.hbm2ddl.auto">update</prop>
                <prop key="hibernate.dialect">org.hibernate.dialect.MySQL5Dialect</prop>
            </props>
        </property>
    </bean>

    <bean id="dataSource"
          class="org.springframework.jdbc.datasource.DriverManagerDataSource">
        <property name="driverClassName" value="com.mysql.cj.jdbc.Driver"/>
        <property name="url" value="jdbc:mysql://localhost:3306/marketplace_db"/>
        <property name="username" value="root"/>
        <property name="password" value=""/>
    </bean>

    <bean id="transactionManager"
          class="org.springframework.orm.jpa.JpaTransactionManager">
        <property name="entityManagerFactory" ref="entityManagerFactory"/>
    </bean>
    <tx:annotation-driven/>

    <bean id="persistenceExceptionTranslationPostProcessor" class=
            "org.springframework.dao.annotation.PersistenceExceptionTranslationPostProcessor"/>
</beans>