<?xml version="1.0" encoding="UTF-8"?>
<beans xmlns="http://www.springframework.org/schema/beans"
    xmlns:context="http://www.springframework.org/schema/context"
    xmlns:mvc="http://www.springframework.org/schema/mvc"
    xmlns:xsi="http://www.w3.org/2001/XMLSchema-instance"
    xsi:schemaLocation="
        http://www.springframework.org/schema/beans
        http://www.springframework.org/schema/beans/spring-beans.xsd
        http://www.springframework.org/schema/mvc
        http://www.springframework.org/schema/mvc/spring-mvc.xsd
        http://www.springframework.org/schema/context 
        http://www.springframework.org/schema/context/spring-context.xsd"> 
        
	<context:component-scan base-package="com.vietfintex.marketplace" />

	<mvc:resources mapping="swagger-ui.html" location="classpath:/META-INF/resources/"/>
    <mvc:resources mapping="/webjars/**" location="classpath:/META-INF/resources/webjars/"/>
    <bean class="com.vietfintex.marketplace.spring.SwaggerConfig"/>
      
    <bean name="jackson2ObjectMapper" class="org.springframework.http.converter.json.Jackson2ObjectMapperFactoryBean">
	    <property name="indentOutput" value="true"/>
	</bean>    
	<mvc:annotation-driven>
	    <mvc:message-converters>
	        <bean class="org.springframework.http.converter.json.MappingJackson2HttpMessageConverter">
	            <property name="objectMapper" ref="jackson2ObjectMapper" />
	        </bean>
	    </mvc:message-converters>
	</mvc:annotation-driven>
	<import resource="classpath:spring-data.xml"/>
	<import resource="classpath:spring-security.xml"/>
</beans>